id,category,lang,text,expected_status,expected,provenance,approve (Y/N),reviewer,note
b-10144cc7,authentic_verse,ar,قال تعالى: ولله المشرق والمغرب فأينما تولوا فثم وجه الله إن الله واسع عليم,ok,quran:verified (quran:2:115),King Fahd Complex Mushaf 2:115 (imla'i text),,,
b-251199f6,authentic_verse,ar,يقول الله عز وجل: ﴿والذين آمنوا بالله ورسله أولئك هم الصديقون والشهداء عند ربهم لهم أجرهم ونورهم والذين كفروا وكذبوا بآياتنا أولئك أصحاب الجحيم﴾,ok,quran:verified (quran:57:19),King Fahd Complex Mushaf 57:19 (imla'i text),,,
b-20fa6d50,authentic_verse,ar,قال تعالى: أم أنـزلنا عليهم سلطانا فهو يتكلم بما كانوا به يشركون,ok,quran:verified (quran:30:35),King Fahd Complex Mushaf 30:35 (imla'i text),,,
b-1a5746e0,authentic_verse,ar,قال تعالى: قل أرأيتم إن جعل الله عليكم الليل سرمدا إلى يوم القيامة من إله غير الله يأتيكم بضياء أفلا تسمعون,ok,quran:verified (quran:28:71),King Fahd Complex Mushaf 28:71 (imla'i text),,,
b-977d21a9,authentic_verse,ar,يقول الله عز وجل: ﴿قد كانت آياتي تتلى عليكم فكنتم على أعقابكم تنكصون﴾,ok,quran:verified (quran:23:66),King Fahd Complex Mushaf 23:66 (imla'i text),,,
b-a3c4c964,authentic_verse,ar,قال الله تعالى: ﴿وأوحي إلى نوح أنه لن يؤمن من قومك إلا من قد آمن فلا تبتئس بما كانوا يفعلون﴾,ok,quran:verified (quran:11:36),King Fahd Complex Mushaf 11:36 (imla'i text),,,
b-4c69a39d,authentic_verse,ar,قال الله تعالى: ﴿ومن يقل منهم إني إله من دونه فذلك نجزيه جهنم كذلك نجزي الظالمين﴾,ok,quran:verified (quran:21:29),King Fahd Complex Mushaf 21:29 (imla'i text),,,
b-bb19dad8,authentic_verse,ar,قال تعالى: وقال الذين كفروا لا تسمعوا لهذا القرآن والغوا فيه لعلكم تغلبون,ok,quran:verified (quran:41:26),King Fahd Complex Mushaf 41:26 (imla'i text),,,
b-0d77b57c,authentic_verse,ar,يقول الله عز وجل: ﴿كتب عليكم القتال وهو كره لكم وعسى أن تكرهوا شيئا وهو خير لكم وعسى أن تحبوا شيئا وهو شر لكم والله يعلم وأنتم لا تعلمون﴾,ok,quran:verified (quran:2:216),King Fahd Complex Mushaf 2:216 (imla'i text),,,
b-fbc4c826,authentic_verse,ar,يقول الله عز وجل: ﴿وإن منكم إلا واردها كان على ربك حتما مقضيا﴾,ok,quran:verified (quran:19:71),King Fahd Complex Mushaf 19:71 (imla'i text),,,
b-4c8fd4fe,authentic_verse,ar,قال الله تعالى: ﴿من ورائهم جهنم ولا يغني عنهم ما كسبوا شيئا ولا ما اتخذوا من دون الله أولياء ولهم عذاب عظيم﴾,ok,quran:verified (quran:45:10),King Fahd Complex Mushaf 45:10 (imla'i text),,,
b-36eb7a7e,authentic_verse,ar,قال الله تعالى: ﴿إذ دخلوا عليه فقالوا سلاما قال سلام قوم منكرون﴾,ok,quran:verified (quran:51:25),King Fahd Complex Mushaf 51:25 (imla'i text),,,
b-ecd11e7f,authentic_verse,ar,قال تعالى: الذين كانت أعينهم في غطاء عن ذكري وكانوا لا يستطيعون سمعا,ok,quran:verified (quran:18:101),King Fahd Complex Mushaf 18:101 (imla'i text),,,
b-c91526a0,authentic_verse,ar,يقول الله عز وجل: ﴿من فرعون إنه كان عاليا من المسرفين﴾,ok,quran:verified (quran:44:31),King Fahd Complex Mushaf 44:31 (imla'i text),,,
b-fa7a6865,authentic_verse,ar,قال الله تعالى: ﴿قال رب اجعل لي آية قال آيتك ألا تكلم الناس ثلاثة أيام إلا رمزا واذكر ربك كثيرا وسبح بالعشي والإبكار﴾,ok,quran:verified (quran:3:41),King Fahd Complex Mushaf 3:41 (imla'i text),,,
b-9f6812f2,authentic_verse,ar,قال الله تعالى: ﴿فإن استكبروا فالذين عند ربك يسبحون له بالليل والنهار وهم لا يسأمون﴾,ok,quran:verified (quran:41:38),King Fahd Complex Mushaf 41:38 (imla'i text),,,
b-81c3cb2f,authentic_verse,ar,قال تعالى: فآت ذا القربى حقه والمسكين وابن السبيل ذلك خير للذين يريدون وجه الله وأولئك هم المفلحون,ok,quran:verified (quran:30:38),King Fahd Complex Mushaf 30:38 (imla'i text),,,
b-c032d8d2,authentic_verse,ar,قال تعالى: ولو شاء الله ما أشركوا وما جعلناك عليهم حفيظا وما أنت عليهم بوكيل,ok,quran:verified (quran:6:107),King Fahd Complex Mushaf 6:107 (imla'i text),,,
b-372d3213,authentic_verse,ar,يقول الله عز وجل: ﴿ذلك نتلوه عليك من الآيات والذكر الحكيم﴾,ok,quran:verified (quran:3:58),King Fahd Complex Mushaf 3:58 (imla'i text),,,
b-c941ed6d,partial_verse_quote,ar,قال الله تعالى: ﴿ألا تعبدوا إلا إياه وبالوالدين﴾,ok,quran:verified (quran:17:23),"Mushaf 17:23, words 2-7",,,
b-6f28a5e6,partial_verse_quote,ar,قال الله تعالى: ﴿سلطان بهذا أتقولون على الله﴾,ok,quran:verified (quran:10:68),"Mushaf 10:68, words 17-22",,,
b-7be7a09d,partial_verse_quote,ar,قال الله تعالى: ﴿يزوجهم ذكرانا وإناثا ويجعل من﴾,ok,quran:verified (quran:42:50),"Mushaf 42:50, words 1-6",,,
b-421f4e9c,partial_verse_quote,ar,قال الله تعالى: ﴿يوم ينفخ في الصور عالم﴾,ok,quran:verified (quran:6:73),"Mushaf 6:73, words 14-19",,,
b-218a9809,partial_verse_quote,ar,يقول الله عز وجل: ﴿لكم من دون الله من﴾,ok,quran:verified (quran:11:113),"Mushaf 11:113, words 8-13",,,
b-37ac38d1,multi_location_phrase,ar,يقول الله عز وجل: ﴿ما اتاهم الله من فضله﴾,ok,quran:verified (quran:4:37),"Mushaf phrase found in 4:37, 4:54",,,
b-17ccefea,multi_location_phrase,ar,يقول الله عز وجل: ﴿انزل الله ولا تتبع اهواءهم﴾,ok,quran:verified (quran:5:48),"Mushaf phrase found in 5:48, 5:49",,,
b-b2ed1a99,multi_location_phrase,ar,يقول الله عز وجل: ﴿رب اجعل لي ايه قال﴾,ok,quran:verified (quran:3:41),"Mushaf phrase found in 3:41, 19:10",,,
b-fd96288d,multi_location_phrase,ar,قال الله تعالى: ﴿في الارض ولا في السماء﴾,ok,quran:verified (quran:3:5),"Mushaf phrase found in 3:5, 10:61, 14:38, 29:22",,,
b-ac3f2fe7,multi_location_phrase,ar,قال الله تعالى: ﴿من اله غيره قد جاءتكم﴾,ok,quran:verified (quran:7:73),"Mushaf phrase found in 7:73, 7:85",,,
b-b58b01bd,altered_verse,ar,قال الله تعالى: ﴿وترى المجرمين يومئذ حاسوب في الأصفاد﴾,ok,quran:misquoted (quran:14:49),"Mushaf 14:49, word 3 replaced by a plain non-Quranic word",,,
b-e2a88d77,altered_verse,ar,قال الله تعالى: ﴿وكان له ثمر لصاحبه وهو يحاوره أنا أكثر منك مالا وأعز نفرا﴾,ok,quran:misquoted (quran:18:34),"Mushaf 18:34, word 3 removed",,,
b-6b9ea105,altered_verse,ar,قال الله تعالى في سورة البقرة: ﴿فاختلف الأحزاب من بينهم فويل للذين ظلموا من عذاب يوم أليم﴾,ok,quran:misquoted (quran:43:65),Mushaf 43:65 text cited as surah 2,,,
b-2fb0f5c4,altered_verse,ar,يقول الله عز وجل: ﴿إن الذين آمنوا والذين هاجروا وجاهدوا في سبيل الله شاشة يرجون رحمة الله والله غفور رحيم﴾,ok,quran:misquoted (quran:2:218),"Mushaf 2:218, word 9 replaced by a plain non-Quranic word",,,
b-9022fa7f,altered_verse,ar,يقول الله عز وجل: ﴿ولقد جاءكم موسى بالبينات اتخذتم العجل من بعده وأنتم ظالمون﴾,ok,quran:misquoted (quran:2:92),"Mushaf 2:92, word 4 removed",,,
b-6daa9f85,altered_verse,ar,قال الله تعالى في سورة البقرة: ﴿قل الله يحييكم ثم يميتكم ثم يجمعكم إلى يوم القيامة لا ريب فيه ولكن أكثر الناس لا يعلمون﴾,ok,quran:misquoted (quran:45:26),Mushaf 45:26 text cited as surah 2,,,
b-30581548,altered_verse,ar,يقول الله عز وجل: ﴿ولا تدع من دون الله ما لا ينفعك ولا يضرك فإن فعلت فإنك شاشة من الظالمين﴾,ok,quran:misquoted (quran:10:106),"Mushaf 10:106, word 13 replaced by a plain non-Quranic word",,,
b-b914d530,altered_verse,ar,قال الله تعالى: ﴿ولا تقعدوا بكل صراط توعدون وتصدون عن سبيل الله من آمن به وتبغونها عوجا واذكروا إذ كنتم قليلا فكثركم كيف كان عاقبة المفسدين﴾,ok,quran:misquoted (quran:7:86),"Mushaf 7:86, word 19 removed",,,
b-53a9d167,altered_verse,ar,قال الله تعالى في سورة ص: ﴿واخفض لهما جناح الذل من الرحمة وقل رب ارحمهما كما ربياني صغيرا﴾,ok,quran:misquoted (quran:17:24),Mushaf 17:24 text cited as surah 38,,,
b-c2bc1488,altered_verse,ar,يقول الله عز وجل: ﴿ثم ننجي الذين مكتبة ونذر الظالمين فيها جثيا﴾,ok,quran:misquoted (quran:19:72),"Mushaf 19:72, word 3 replaced by a plain non-Quranic word",,,
b-3e315820,altered_verse,ar,قال تعالى: يولج الليل في النهار ويولج النهار في الليل الشمس والقمر كل يجري لأجل مسمى ذلكم الله ربكم له الملك والذين تدعون من دونه ما يملكون من قطمير,ok,quran:misquoted (quran:35:13),"Mushaf 35:13, word 8 removed",,,
b-93ff0d8a,altered_verse,ar,قال الله تعالى في سورة الحاقة: ﴿وأصبح الذين تمنوا مكانه بالأمس يقولون ويكأن الله يبسط الرزق لمن يشاء من عباده ويقدر لولا أن من الله علينا لخسف بنا ويكأنه لا يفلح الكافرون﴾,ok,quran:misquoted (quran:28:82),Mushaf 28:82 text cited as surah 69,,,
b-faf013e3,altered_verse,ar,قال تعالى: ولما وقع عليهم قطار قالوا ياموسى ادع لنا ربك بما عهد عندك لئن كشفت عنا الرجز لنؤمنن لك ولنرسلن معك بني إسرائيل,ok,quran:misquoted (quran:7:134),"Mushaf 7:134, word 3 replaced by a plain non-Quranic word",,,
b-5f06af20,altered_verse,ar,قال الله تعالى: ﴿قل من الذي يعصمكم من الله إن أراد بكم سوءا أو أراد بكم رحمة ولا يجدون لهم من دون الله وليا ولا نصيرا﴾,ok,quran:misquoted (quran:33:17),"Mushaf 33:17, word 2 removed",,,
b-c044a5cf,altered_verse,ar,قال الله تعالى في سورة الأعۡراف: ﴿لولا أن تداركه نعمة من ربه لنبذ بالعراء وهو مذموم﴾,ok,quran:misquoted (quran:68:49),Mushaf 68:49 text cited as surah 7,,,
b-885d0ea4,altered_verse,ar,قال تعالى: أفمن أسس بنيانه على مكتبة من الله ورضوان خير أم من أسس بنيانه على شفا جرف هار فانهار به في نار جهنم والله لا يهدي القوم الظالمين,ok,quran:misquoted (quran:9:109),"Mushaf 9:109, word 4 replaced by a plain non-Quranic word",,,
b-836aace6,altered_verse,ar,قال الله تعالى: ﴿وهو الذي خلق من الماء بشرا فجعله نسبا وصهرا وكان قديرا﴾,ok,quran:misquoted (quran:25:54),"Mushaf 25:54, word 10 removed",,,
b-e2e7ab8e,altered_verse,ar,قال الله تعالى في سورة المؤۡمنون: ﴿أفحكم الجاهلية يبغون ومن أحسن من الله حكما لقوم يوقنون﴾,ok,quran:misquoted (quran:5:50),Mushaf 5:50 text cited as surah 23,,,
b-d4e91fb6,altered_verse,ar,قال الله تعالى: ﴿قل سيروا في الأرض فانظروا كيف مكتبة الخلق ثم الله ينشئ النشأة الآخرة إن الله على كل شيء قدير﴾,ok,quran:misquoted (quran:29:20),"Mushaf 29:20, word 6 replaced by a plain non-Quranic word",,,
b-89c347af,translated,en,"Allah says in the Quran: ""They will have with their Lord whatever they wish for. Such is the reward of those who do good.""",ok,quran:verified (quran:39:34),QuranEnc english_rwwad 39:34,,,
b-5ee3431d,translated,ur,اللہ تعالیٰ فرماتا ہے: «اے اوﻻد یعقوب! میری اس نعمت کو یاد کرو جو میں نے تم پر انعام کی اور میں نے تمہیں تمام جہانوں پر فضیلت دی۔»,ok,quran:verified (quran:2:47),QuranEnc urdu_junagarhi 2:47,,,
b-c28cbe0a,translated,en,"Allah says in the Quran: ""Then they will be returned to Allah, their true Lord. Indeed, judgment belongs to Him alone, and He is the Swiftest Reckoner.""",ok,quran:verified (quran:6:62),QuranEnc english_rwwad 6:62,,,
b-786b3e62,translated,ur,اللہ تعالیٰ فرماتا ہے: «تم ان لوگوں کی طرح نہ ہو جانا جنہوں نے اپنے پاس روشن دلیلیں آ جانے کے بعد بھی تفرقہ ڈاﻻ ، اور اختلاف کیا، انہیں لوگوں کے لئے بڑا عذاب ہے.»,ok,quran:verified (quran:3:105),QuranEnc urdu_junagarhi 3:105,,,
b-3d9cf180,translated,en,"Allah says in the Quran: ""He said, “Yes, and then you will surely be of those who are close to me.”""",ok,quran:verified (quran:26:42),QuranEnc english_rwwad 26:42,,,
b-b977b129,translated,ur,اللہ تعالیٰ فرماتا ہے: «اور مسلمانوں کے ساتھ جو کر رہے تھے اس کو اپنے سامنے دیکھ رہے تھے.»,ok,quran:verified (quran:85:7),QuranEnc urdu_junagarhi 85:7,,,
b-361fb130,translated,en,"Allah says in the Quran: ""Indeed, We have made it an Arabic Qur’an so that you may understand,""",ok,quran:verified (quran:43:3),QuranEnc english_rwwad 43:3,,,
b-a4bd8789,translated,ur,اللہ تعالیٰ فرماتا ہے: «(اللہ تعالیٰ نے) فرمایا اے ابلیس تجھے کیا ہوا کہ تو سجده کرنے والوں میں شامل نہ ہوا؟»,ok,quran:verified (quran:15:32),QuranEnc urdu_junagarhi 15:32,,,
b-99ebc358,translated,en,"Allah says in the Quran: ""But those who feared standing before their Lord and restrained themselves from evil desires,""",ok,quran:verified (quran:79:40),QuranEnc english_rwwad 79:40,,,
b-42bffb67,translated,ur,اللہ تعالیٰ فرماتا ہے: «اور یہ لوگ کہتے ہیں کہ ان پر کوئی معجزه کیوں نہیں نازل کیا گیا ان کے رب کی طرف سے آپ فرما دیجئے کہ اللہ تعالیٰ کو بےشک پوری قدرت ہے اس پر کہ وه معجزه نازل فرمادے ۔ لیکن ان میں اکثر بےخبر ہیں۔»,ok,quran:verified (quran:6:37),QuranEnc urdu_junagarhi 6:37,,,
b-3edbb76d,translated,en,"Allah says in the Quran: ""To Allah belongs the dominion of the heavens and earth. He creates what He wills; He grants females to whom He wills and grants males to whom He wills,""",ok,quran:verified (quran:42:49),QuranEnc english_rwwad 42:49,,,
b-6b677b96,translated,ur,اللہ تعالیٰ فرماتا ہے: «جو لوگ خود بخیلی کرتے ہیں اور دوسروں کو بھی بخیلی کرنے کو کہتے ہیں اور اللہ تعالیٰ نے جو اپنا فضل انہیں دے رکھا ہے اسے چھپا لیتے ہیں ہم نے ان کافروں کے لئے ذلت کی مار تیار کر رکھی ہے۔»,ok,quran:verified (quran:4:37),QuranEnc urdu_junagarhi 4:37,,,
b-447842c8,translated,en,"Allah says in the Quran: ""There are some [hypocrites] who amaze you with their words in the life of this world and call upon Allah to witness what is in their heart, yet they are the fiercest opponents.""",ok,quran:verified (quran:2:204),QuranEnc english_rwwad 2:204,,,
b-9a302c6d,translated,ur,اللہ تعالیٰ فرماتا ہے: «اسی طرح جو لوگ ان سے پہلے گزرے ہیں ان کے پاس جو بھی رسول آیا انہوں نے کہہ دیا کہ یا تو یہ جادوگر ہے یا دیوانہ ہے.»,ok,quran:verified (quran:51:52),QuranEnc urdu_junagarhi 51:52,,,
b-e7825d97,authentic_hadith,ar,عن النبي صلى الله عليه وسلم أنه قال: «مَنْ قَامَ مِنْ مَجْلِسِهِ، ثُمَّ رَجَعَ إِلَيْهِ فَهُوَ أَحَقُّ بِهِ»,ok,hadith:verified (he:66242),"HadeethEnc 66242 (ar), the Prophet's words as quoted by the source",,,
b-f2ce1730,authentic_hadith,ar,قال النبي ﷺ: لَا يُحِبُّهُمْ إِلَّا مُؤْمِنٌ، وَلَا يُبْغِضُهُمْ إِلَّا مُنَافِقٌ، مَنْ أَحَبَّهُمْ أَحَبَّهُ اللهُ وَمَنْ أَبْغَضَهُمْ أَبْغَضَهُ اللهُ,ok,hadith:verified (he:3438),"HadeethEnc 3438 (ar), the Prophet's words as quoted by the source",,,
b-7ee05359,authentic_hadith,ar,قال رسول الله ﷺ: «إِنَّ أَهْوَنَ أَهْلِ النَّارِ عَذَابًا مَنْ لَهُ نَعْلَانِ وَشِرَاكَانِ مِنْ نَارٍ، يَغْلِي مِنْهُمَا دِمَاغُهُ كَمَا يَغْلِ الْمِرْجَلُ، مَا يَرَى أَنَّ أَحَدًا أَشَدُّ مِنْهُ عَذَابًا، وَإِنَّهُ لَأَهْوَنُهُمْ عَذَابًا»,ok,hadith:verified (he:4220),"HadeethEnc 4220 (ar), the Prophet's words as quoted by the source",,,
b-9a499c36,authentic_hadith,ar,قال رسول الله ﷺ: «إِذَا أَحَبَّ الرَّجُلُ أَخَاهُ فَلْيُخْبِرْهُ أَنَّهُ يُحِبُّهُ»,ok,hadith:verified (he:3017),"HadeethEnc 3017 (ar), the Prophet's words as quoted by the source",,,
b-3867de27,authentic_hadith,ar,قال النبي ﷺ: كان النبي صلى الله عليه وسلم يَقْرأ فِي صلاة الفجر يَومَ الجُمُعَةِ: الم تَنْزِيلُ السَّجْدَةَ وهَلْ أتى على الإنسَان,ok,hadith:verified (he:5320),"HadeethEnc 5320 (ar), the Prophet's words as quoted by the source",,,
b-c61c398b,authentic_hadith,ar,عن النبي صلى الله عليه وسلم أنه قال: «لاَ تَنْتَبِذُوا فِي الدُّبَّاءِ، وَلاَ فِي المُزَفَّتِ»,ok,hadith:verified (he:66039),"HadeethEnc 66039 (ar), the Prophet's words as quoted by the source",,,
b-9358e1fc,authentic_hadith,ar,عن النبي صلى الله عليه وسلم أنه قال: «لَوْلَا أَنْ أَشُقَّ عَلَى الْمُؤْمِنِينَ -أَوْ: عَلَى أُمَّتِي- لَأَمَرْتُهُمْ بِالسِّوَاكِ عِنْدَ كُلِّ صَلَاةٍ»,ok,hadith:verified (he:3364),"HadeethEnc 3364 (ar), the Prophet's words as quoted by the source",,,
b-41f59d16,authentic_hadith,ar,قال رسول الله ﷺ: «أن النبي صلى الله عليه وسلم كان يطوف على نسائه بِغُسْلٍ واحد»,ok,hadith:verified (he:58102),"HadeethEnc 58102 (ar), the Prophet's words as quoted by the source",,,
b-e84739b9,authentic_hadith,ar,عن النبي صلى الله عليه وسلم أنه قال: «إِنَّ فُقَرَاءَ الْمُهَاجِرِينَ يَسْبِقُونَ الْأَغْنِيَاءَ يَوْمَ الْقِيَامَةِ إِلَى الْجَنَّةِ بِأَرْبَعِينَ خَرِيفًا»,ok,hadith:verified (he:66228),"HadeethEnc 66228 (ar), the Prophet's words as quoted by the source",,,
b-e4ddfafb,authentic_hadith,ar,قال النبي ﷺ: إنَّ بِلالاً يُؤَذِّن بِلَيلٍ، فَكُلُوا واشرَبُوا حتَّى تَسمَعُوا أَذَان ابنِ أُمِّ مَكتُوم,ok,hadith:verified (he:3015),"HadeethEnc 3015 (ar), the Prophet's words as quoted by the source",,,
b-177d4dea,authentic_hadith,ar,قال رسول الله ﷺ: «انْظُرُوا إِلَى مَنْ أَسْفَلَ مِنْكُمْ، وَلَا تَنْظُرُوا إِلَى مَنْ هُوَ فَوْقَكُمْ، فَهُوَ أَجْدَرُ أَلَّا تَزْدَرُوا نِعْمَةَ اللهِ عَلَيْكُمْ»,ok,hadith:verified (he:5341),"HadeethEnc 5341 (ar), the Prophet's words as quoted by the source",,,
b-de3570ae,authentic_hadith,ar,قال النبي ﷺ: أبصروها، فإن جاءت به أَكْحَلَ العينين، سَابِغَ الْأَلْيَتَيْنِ، خَدَلَّجَ الساقين، فهو لِشَرِيكِ بْنِ سَحْمَاءَ,ok,hadith:verified (he:58242),"HadeethEnc 58242 (ar), the Prophet's words as quoted by the source",,,
b-8b8a0d66,authentic_hadith,ar,عن النبي صلى الله عليه وسلم أنه قال: «العمرة إلى العمرة كفارةٌ لما بينهما، والحج المبرور ليس له جزاءٌ إلا الجنة»,ok,hadith:verified (he:65626),"HadeethEnc 65626 (ar), the Prophet's words as quoted by the source",,,
b-e8f887a2,authentic_hadith,ar,قال رسول الله ﷺ: «اللهم من وَلِيَ من أمر أمتي شيئًا فَشَقَّ عليهم، فَاشْقُقْ عليه، ومن وَلِيَ من أمر أمتي شيئًا فَرَفَقَ بهم، فَارْفُقْ به»,ok,hadith:verified (he:4938),"HadeethEnc 4938 (ar), the Prophet's words as quoted by the source",,,
b-bcf2873d,authentic_hadith,ar,قال النبي ﷺ: أن النبي صلى الله عليه وسلم سَبَّقَ بين الخيل، وفَضَّلَ القُرَّحَ في الغاية,ok,hadith:verified (he:64639),"HadeethEnc 64639 (ar), the Prophet's words as quoted by the source",,,
b-0168b016,authentic_hadith,ar,قال رسول الله ﷺ: «أفلا تتقي الله في هذه البهيمة التي مَلَّكَك الله إياها؟ فإنه يَشْكُو إلي أنك تُجِيعه وتُدْئِبه»,ok,hadith:verified (he:8842),"HadeethEnc 8842 (ar), the Prophet's words as quoted by the source",,,
b-ef2f84e5,authentic_hadith,ar,قال النبي ﷺ: الْبَخِيلُ مَنْ ذُكِرْتُ عِنْدَهُ فَلَمْ يُصَلِّ عَلَيَّ,ok,hadith:verified (he:5403),"HadeethEnc 5403 (ar), the Prophet's words as quoted by the source",,,
b-3f9ae8f6,authentic_hadith,ar,قال رسول الله ﷺ: «مَنْ غَدَا إِلَى الْمَسْجِدِ لَا يُرِيدُ إِلَّا لِيَتَعَلَّمَ خَيْرًا أَوْ يَعْلَمَهُ كَانَ لَهُ أَجْرُ مُعْتَمِرٍ تَامِّ الْعُمْرَةِ، فَمَنْ رَاحَ إِلَى الْمَسْجِدِ لَا يُرِيدُ إِلَّا لِيَتَعَلَّمَ خَيْرًا أَوْ يُعَلِّمَهُ فَلَهُ أَجْرُ حَاجٍّ تَامِّ الْحِجَّةِ»,ok,hadith:verified (he:65209),"HadeethEnc 65209 (ar), the Prophet's words as quoted by the source",,,
b-7d1166c4,authentic_hadith,ar,قال رسول الله ﷺ: «أُذِنَ لي أنْ أُحَدِّثَ عن مَلَك مِن ملائكة الله مِن حَمَلَةِ العَرْش، إنَّ ما بين شَحْمةِ أُذُنِه إلى عاتِقِه مَسِيرةُ سبعِمائة عام»,ok,hadith:verified (he:10546),"HadeethEnc 10546 (ar), the Prophet's words as quoted by the source",,,
b-a6d9d95c,authentic_hadith,ar,قال النبي ﷺ: لمناديل سعد بن معاذ في الجنة أفضل من هذا,ok,hadith:verified (he:65703),"HadeethEnc 65703 (ar), the Prophet's words as quoted by the source",,,
b-39e3e2ea,authentic_hadith,ar,قال النبي ﷺ: إِذَا دَخَلَ أَحَدُكُمُ الْمَسْجِدَ فَلْيَقُلِ: اللَّهُمَّ افْتَحْ لِي أَبْوَابَ رَحْمَتِكَ، وَإِذَا خَرَجَ فَلْيَقُلِ: اللَّهُمَّ إِنِّي أَسْأَلُكَ مِنْ فَضْلِكَ,ok,hadith:verified (he:65092),"HadeethEnc 65092 (ar), the Prophet's words as quoted by the source",,,
b-48a632fe,authentic_hadith,ar,عن النبي صلى الله عليه وسلم أنه قال: «مَا مِنْ قَوْمٍ يَقُومُونَ مِنْ مَجْلِسٍ لَا يَذْكُرُونَ اللَّهَ فِيهِ إِلَّا قَامُوا عَنْ مِثْلِ جِيفَةِ حِمَارٍ، وَكَانَ لَهُمْ حَسْرَةً»,ok,hadith:verified (he:3910),"HadeethEnc 3910 (ar), the Prophet's words as quoted by the source",,,
b-54ee5c6a,authentic_hadith,ar,قال النبي ﷺ: لَمَّا عُرِجَ بِي مَرَرْتُ بِقَوْمٍ لَهُمْ أَظْفَارٌ مِنْ نُحَاسٍ يَخْمُشُونَ بها وُجُوهَهُمْ وَصُدُورَهُمْ، فَقُلْتُ: مَنْ هَؤُلَاءِ يَا جِبْرِيلُ، قَالَ: هَؤُلَاءِ الَّذِينَ يَأْكُلُونَ لُحُومَ النَّاسِ، وَيَقَعُونَ فِي أَعْرَاضِهِمْ,ok,hadith:verified (he:4229),"HadeethEnc 4229 (ar), the Prophet's words as quoted by the source",,,
b-993da9b9,authentic_hadith,ar,قال رسول الله ﷺ: «إِنْ كان عِنْدَكَ مَاءٌ بَاتَ هذه الليلةَ في شَنَّةٍ وإِلَّا كَرَعْنَا»,ok,hadith:verified (he:4230),"HadeethEnc 4230 (ar), the Prophet's words as quoted by the source",,,
b-85f367a6,authentic_hadith,ar,قال رسول الله ﷺ: «إذا جئت فصلِّ مع الناس وإن كنتَ قد صليتَ»,ok,hadith:verified (he:65749),"HadeethEnc 65749 (ar), the Prophet's words as quoted by the source",,,
b-33a498f6,authentic_hadith,ar,قال رسول الله ﷺ: «يا أبا بكر، لعلك أغضبتَهم، لئن كنتَ أغضبتهم لقد أغضبتَ ربَّك»,ok,hadith:verified (he:65850),"HadeethEnc 65850 (ar), the Prophet's words as quoted by the source",,,
b-12ff9518,authentic_hadith,ar,قال رسول الله ﷺ: «خيرُ نسائها مريمُ بنتُ عمران، وخيرُ نسائها خديجةُ بنتُ خويلد»,ok,hadith:verified (he:65706),"HadeethEnc 65706 (ar), the Prophet's words as quoted by the source",,,
b-0f2bc59f,authentic_hadith,ar,قال رسول الله ﷺ: «فعل ذلك ‌قومك، ليدخلوا من شاؤوا ويمنعوا من شاؤوا، ولولا أن ‌قومك ‌حديث عهدهم بالجاهلية، فأخاف أن تنكر قلوبهم، أن أدخل الجدر في البيت، وأن ألصق بابه بالأرض»,ok,hadith:verified (he:65678),"HadeethEnc 65678 (ar), the Prophet's words as quoted by the source",,,
b-2285e6bc,translated,en,"The Prophet (peace be upon him) said: ""No one loves them except a believer, and no one hates them except a hypocrite. Allah loves whoever loves them and hates whoever hates them.""",ok,hadith:verified (he:3438),HadeethEnc 3438 approved en translation,,,
b-8f0b70d7,translated,ur,نبی کریم ﷺ نے فرمایا: «اگر مجھے اپنی امت کے مشقت میں پڑنے کا اندیشہ نہ ہوتا، تو میں انہیں ہر نماز کے وقت مسواک کرنے کا حکم دے دیتا»,ok,hadith:verified (he:3364),HadeethEnc 3364 approved ur translation,,,
b-158d1bfe,translated,en,"The Prophet (peace be upon him) said: ""Bilāl calls the Adhān at night; so, eat and drink until you hear the Adhān called by Ibn Umm Maktūm.""",ok,hadith:verified (he:3015),HadeethEnc 3015 approved en translation,,,
b-91a672a7,translated,ur,نبی کریم ﷺ نے فرمایا: «انھیں اپنے گھروں سے نکال دو»,ok,hadith:verified (he:58238),HadeethEnc 58238 approved ur translation,,,
b-546e96c4,translated,en,"The Prophet (peace be upon him) said: ""O Allah, treat harshly those who rule over my nation with harshness and treat gently those who rule over my nation with gentleness.""",ok,hadith:verified (he:4938),HadeethEnc 4938 approved en translation,,,
b-caa2ef23,translated,ur,نبی کریم ﷺ نے فرمایا: «بخیل وہ شخص ہے، جس کے سامنے میرا ذکر کیا جائے اور وہ مجھ پر درود نہ بھیجے۔»,ok,hadith:verified (he:5403),HadeethEnc 5403 approved ur translation,,,
b-91da339b,translated,en,"The Prophet (peace be upon him) said: ""Breastfeeding produces the same interdiction that childbirth produces.""",ok,hadith:verified (he:4311),HadeethEnc 4311 approved en translation,,,
b-71af9e8d,translated,ur,نبی کریم ﷺ نے فرمایا: «(اے اللہ! میرے لیے اپنی رحمت کے دروازے کھول دے۔) اور جب مسجد سے نکلے تو یہ دعا پڑھے :»,ok,hadith:verified (he:65092),HadeethEnc 65092 approved ur translation,,,
b-05f6eb18,translated,en,"The Prophet (peace be upon him) said: ""No people leave a gathering in which they did not remember Allah except that it will be as if they are leaving the carcass of a donkey, and it will be a cause of regret for them.""",ok,hadith:verified (he:3910),HadeethEnc 3910 approved en translation,,,
b-809bd7dd,translated,ur,نبی کریم ﷺ نے فرمایا: «انہیں رہنے دو۔ میں نے ان کے اندر اپنے پاؤں طہارت کی حالت میں داخل کیے تھے»,ok,hadith:verified (he:3014),HadeethEnc 3014 approved ur translation,,,
b-34edbd97,translated,en,"The Prophet (peace be upon him) said: ""They should not do so. The Prophet's wives would refrain (from prayer) for forty days during postpartum bleeding, and the Prophet (may Allah's peace and blessings be upon him) would not command them to complete the prayers abandoned during that period.""",ok,hadith:verified (he:10008),HadeethEnc 10008 approved en translation,,,
b-5d68b7d4,translated,ur,نبی کریم ﷺ نے فرمایا: «میں نے کہا ایک کپڑا تھا،یعنی تنگ تھا، آپ ﷺ نے فرمایا:»,ok,hadith:verified (he:10638),HadeethEnc 10638 approved ur translation,,,
b-4f9238ef,translated,en,"The Prophet (peace be upon him) said: ""Practice archery, O progeny of Isma‘īl; your forefather was an archer.""",ok,hadith:verified (he:3559),HadeethEnc 3559 approved en translation,,,
b-56f6c619,translated,ur,نبی کریم ﷺ نے فرمایا: «اللہ تعالیٰ اس شخص کی طرف نہیں دیکھے گا، جو اپنا کپڑا تکبر و غرور سے زمین پر گھسیٹ کر چلتا ہے»,ok,hadith:verified (he:5370),HadeethEnc 5370 approved ur translation,,,
b-ded0e97a,authentic_hadith_with_weak_chains,ar,قال النبي ﷺ: ارْمُوا بَنِي إسماعيل، فإن أبَاكُم كان رَامِياً,ok,hadith:verified (he:3559),HadeethEnc 3559; Dorar search shows a Sahihayn grading and a weak chain,,,
b-7d0b355a,authentic_hadith_with_weak_chains,ar,قال رسول الله ﷺ: «إِذَا بُويِعَ لِخَلِيفَتَيْنِ فَاقْتُلُوا الْآخِرَ مِنْهُمَا»,ok,hadith:verified (he:66189),HadeethEnc 66189; Dorar search shows a Sahihayn grading and a weak chain,,,
b-1c54f8e7,authentic_hadith_with_weak_chains,ar,عن النبي صلى الله عليه وسلم أنه قال: «إِنَّ المُؤْمِنَ لِلْمُؤْمِنِ كَالْبُنْيَانِ يَشُدُّ بَعْضُهُ بَعْضًا»,ok,hadith:verified (he:66266),HadeethEnc 66266; Dorar search shows a Sahihayn grading and a weak chain,,,
b-8c245f61,authentic_hadith_with_weak_chains,ar,قال النبي ﷺ: سُبْحَانَكَ اللهُمَّ رَبَّنَا وَبِحَمْدِكَ، اللهُمَّ اغْفِرْ لِي,ok,hadith:verified (he:5212),HadeethEnc 5212; Dorar search shows a Sahihayn grading and a weak chain,,,
b-e78ab4ac,authentic_hadith_with_weak_chains,ar,قال رسول الله ﷺ: «مَنْ لَبِسَ الحَرِيرَ فِي الدُّنْيَا لَمْ يَلْبَسْهُ فِي الآخِرَةِ»,ok,hadith:verified (he:2986),HadeethEnc 2986; Dorar search shows a Sahihayn grading and a weak chain,,,
b-e01b8374,authentic_hadith_with_weak_chains,ar,عن النبي صلى الله عليه وسلم أنه قال: «لَا إِلَهَ إِلَّا اللهُ الْعَظِيمُ الْحَلِيمُ، لَا إِلَهَ إِلَّا اللهُ رَبُّ الْعَرْشِ الْعَظِيمِ، لَا إِلَهَ إِلَّا اللهُ رَبُّ السَّمَاوَاتِ وَرَبُّ الْأَرْضِ وَرَبُّ الْعَرْشِ الْكَرِيمِ»,ok,hadith:verified (he:5141),HadeethEnc 5141; Dorar search shows a Sahihayn grading and a weak chain,,,
b-2aa89f96,authentic_hadith_with_weak_chains,ar,قال رسول الله ﷺ: «اتَّقُوا الظُّلْمَ، فَإِنَّ الظُّلْمَ ظُلُمَاتٌ يَوْمَ الْقِيَامَةِ، وَاتَّقُوا الشُّحَّ، فَإِنَّ الشُّحَّ أَهْلَكَ مَنْ كَانَ قَبْلَكُمْ، حَمَلَهُمْ عَلَى أَنْ سَفَكُوا دِمَاءَهُمْ وَاسْتَحَلُّوا مَحَارِمَهُمْ»,ok,hadith:verified (he:5787),HadeethEnc 5787; Dorar search shows a Sahihayn grading and a weak chain,,,
b-7c572cef,authentic_hadith_with_weak_chains,ar,قال النبي ﷺ: إِنَّكُمْ سَتَرَوْنَ رَبَّكُمْ كَمَا تَرَوْنَ هَذَا الْقَمَرَ، لَا تُضَامُونَ فِي رُؤْيَتِهِ، فَإِنِ اسْتَطَعْتُمْ أَنْ لَا تُغْلَبُوا عَلَى صَلَاةٍ قَبْلَ طُلُوعِ الشَّمْسِ وَقَبْلَ غُرُوبِهَا فَافْعَلُوا,ok,hadith:verified (he:5657),HadeethEnc 5657; Dorar search shows a Sahihayn grading and a weak chain,,,
b-e359b5c8,authentic_hadith_with_weak_chains,ar,قال النبي ﷺ: لَا يَشْرَبَنَّ أَحَدٌ منكم قَائِمًا، فمن نَسِيَ فَلْيَسْتَقِئْ,ok,hadith:verified (he:5450),HadeethEnc 5450; Dorar search shows a Sahihayn grading and a weak chain,,,
b-ed85026e,authentic_hadith_with_weak_chains,ar,قال النبي ﷺ: صَلَاةٌ فِي مَسْجِدِي هَذَا خَيْرٌ مِنْ أَلْفِ صَلَاةٍ فِيمَا سِوَاهُ إِلَّا الْمَسْجِدَ الْحَرَامَ,ok,hadith:verified (he:65090),HadeethEnc 65090; Dorar search shows a Sahihayn grading and a weak chain,,,
b-0f0cbbbb,fabricated_hadith,ar,قال النبي ﷺ: الأنبياءُ سادةُ أهلِ الجنَّةِ، والعلماءُ قوَّادُ أهلِ الجنَّةِ، وأهلُ القرآنِ عُرفاءُ أهلِ الجنَّةِ,ok,hadith:not_established (dorar:fb0ffd8ea608),"Dorar dorar:fb0ffd8ea608: ابن الجوزي, الموضوعات لابن الجوزي: «موضوع»",,,
b-d1da2c06,fabricated_hadith,ar,قال النبي ﷺ: لمَّا استقرَّ أَهْلُ الجنَّةِ في الجنَّةِ، قالتِ الجنَّةُ: يا ربِّ أليسَ وعدتَني أن تزيِّنُني برُكْنينِ من أركانِكَ، قالَ: ألم أزيِّنُكِ بالحسنِ والحُسَيْنِ ؟ فماسَتِ الجنَّةُ كما تميسُ العروسُ,ok,hadith:not_established (dorar:ae049270d0a3),"Dorar dorar:ae049270d0a3: الذهبي, ترتيب الموضوعات: «كذب»",,,
b-7c09c4ca,fabricated_hadith,ar,عن النبي صلى الله عليه وسلم أنه قال: «إذا استقرَّ أَهْلُ الجنَّةِ في الجنَّةِ، قالتِ الجنَّةُ: يا ربِّ ! وعدتَني أن تزيِّنَني برُكْنينِ من أركانِكَ قالَ: أولَم أزيِّنْكِ بالحسَنِ والحُسَيْنِ ؟ ! [ فماستِ الجنَّةُ مَيسًا كما تَميسُ العروسُ ]»,ok,hadith:not_established (dorar:08bd9d148949),"Dorar dorar:08bd9d148949: الألباني, السلسلة الضعيفة: «موضوع»",,,
b-3a9d45ee,fabricated_hadith,ar,قال النبي ﷺ: اطلُبُوا العِلْمَ ولو بالصينِ، فإِنَّ طلَبَ العِلْمِ فريضَةٌ على كُلِّ مسلِمٍ، إِنَّ الملائِكَةَ تَضَعُ أجنِحَتَها لطالِبِ العلمِ رضًا بِما يطلبُهُ,ok,hadith:not_established (dorar:55df0d26abd0),"Dorar dorar:55df0d26abd0: الألباني, ضعيف الجامع: «موضوع»",,,
b-0236c8a3,fabricated_hadith,ar,عن النبي صلى الله عليه وسلم أنه قال: «وقِّروا من تعلَمون منه العلمَ، ووقِّروا من تُعلِّمون العلمَ»,ok,hadith:not_established (dorar:d9215e15b121),"Dorar dorar:d9215e15b121: الألباني, السلسلة الضعيفة: «موضوع»",,,
b-ad4f4dd1,fabricated_hadith,ar,قال النبي ﷺ: وَقِّرُوا مَنْ تَعَلَّمونَ منه العِلْمَ، ووَقِّرُوا مَنْ تُعَلِّمونَهُ العِلْمَ,ok,hadith:not_established (dorar:389b06e9c5b8),"Dorar dorar:389b06e9c5b8: الألباني, ضعيف الجامع: «موضوع»",,,
b-2498b402,fabricated_hadith,ar,عن النبي صلى الله عليه وسلم أنه قال: «علِيٌّ مَدينةُ العِلمِ [يعني حديث: أنا مدينةُ العلمِ وعليٌّ بابُها]»,ok,hadith:not_established (dorar:c6ffc9733a63),"Dorar dorar:c6ffc9733a63: الإمام أحمد, العلل ومعرفة الرجال رواية عبدالله: «ليس له أصل كذب»",,,
b-bc69a689,fabricated_hadith,ar,عن النبي صلى الله عليه وسلم أنه قال: «إذا قام أحدُكم إلى الصلاةِ فلْيُسَكِّنْ أطرافَهُ، ولا يَتَمَيَّلْ. كما تتميَّلُ اليهودُ، فإِنَّ تسكينَ الأطرافِ في الصلاةِ من تمامِ الصلاةِ»,ok,hadith:not_established (dorar:54a937f23d77),"Dorar dorar:54a937f23d77: الألباني, ضعيف الجامع: «موضوع»",,,
b-0a0fbec4,fabricated_hadith,ar,قال النبي ﷺ: إذا قامَ أحدُكُم إلى الصَّلاةِ فلْيُقبِلْ علَيها حتَّى يفرُغَ مِنها، وإيَّاكُم والالتفاتَ في الصَّلاةِ، فإنَّ أحدَكُم يُناجي ربَّهُ مادامَ في الصَّلاةِ,ok,hadith:not_established (dorar:fed6c8b90ad2),"Dorar dorar:fed6c8b90ad2: الألباني, السلسلة الضعيفة: «موضوع»",,,
b-b9e434ae,fabricated_hadith,ar,قال رسول الله ﷺ: «باكِروا الصَّدقةَ فإنَّ البلاءَ لا يتخطَّى الصَّدقةَ»,ok,hadith:not_established (dorar:ec0eb87d87e5),"Dorar dorar:ec0eb87d87e5: ابن عدي, الكامل في الضعفاء: «موضوع»",,,
b-15e0221c,fabricated_hadith,ar,قال النبي ﷺ: لا صلاةَ لجارِ المسجدِ إلا في المسجدِ,ok,hadith:not_established (dorar:7cd4132ea4b9),"Dorar dorar:7cd4132ea4b9: عمر بن بدر الموصلي, الأحاديث الموضوعة للموصلي: «[أورده في كتابه الأحاديث الموضوعة في الأحكام المشروعة]»",,,
b-26ae3806,fabricated_hadith,ar,عن النبي صلى الله عليه وسلم أنه قال: «ما بينَ مِنْبَرِي وقبري – هو أسطوانةُ التوبةِ – روضةٌ من رياضِ الجنةِ»,ok,hadith:not_established (dorar:36180c57fa8e),"Dorar dorar:36180c57fa8e: ابن عبدالبر, التمهيد: «كذب موضوع منكر»",,,
b-31e4d7a2,fabricated_hadith,ar,قال رسول الله ﷺ: «طُهُورُ الطعامِ يَزِيدُ في الطعامِ والدِّينِ والرزقِ»,ok,hadith:not_established (dorar:f647e610e6f7),"Dorar dorar:f647e610e6f7: الألباني, السلسلة الضعيفة: «موضوع»",,,
b-81713756,fabricated_hadith,ar,عن النبي صلى الله عليه وسلم أنه قال: «الوضوءُ قبل الطعامِ حسنةٌ، وبعد الطعامِ حسنتان»,ok,hadith:not_established (dorar:60e39ce23345),"Dorar dorar:60e39ce23345: الألباني, السلسلة الضعيفة: «موضوع»",,,
b-cf69aa59,fabricated_hadith,ar,عن النبي صلى الله عليه وسلم أنه قال: «الوُضوءُ قبلَ الطَّعامِ حَسنةٌ، و بعدَ الطَّعامِ حَسَنتانِ»,ok,hadith:not_established (dorar:023dbe54d669),"Dorar dorar:023dbe54d669: الألباني, ضعيف الجامع: «موضوع»",,,
b-6dd8b979,fabricated_hadith,ar,قال رسول الله ﷺ: «الكذبُ يُسَوِّدُ الوجهَ، والنميمةُ عذابُ القبرِ»,ok,hadith:not_established (dorar:c40fb0cdcf17),"Dorar dorar:c40fb0cdcf17: الألباني, ضعيف الجامع: «موضوع»",,,
b-a855f337,fabricated_hadith,ar,قال النبي ﷺ: إذا بكَى اليتيمُ وقعتْ دموعُه في كفِّ الرَّحمنِ فيقولُ: من أبكَى هذا اليتيمَ الَّذي واريْتُ والدَيْه تحتَ الثَّرَى ؟ من أسكته فله الجنَّةُ,ok,hadith:not_established (dorar:425752d7a690),"Dorar dorar:425752d7a690: ابن الجوزي, الموضوعات لابن الجوزي: «أورده في كتاب الموضوعات»",,,
b-752b3af4,fabricated_hadith,ar,قال رسول الله ﷺ: «إذا بكى اليَتيمُ ؛ وقعَت دموعُه في كفِّ الرَّحمنِ تعالى فيقولُ: مَن أبكى هذا اليتيمَ الَّذي وارَيتُ والدَيهِ تحتَ الثَّرى ؟ مَن أسكَتَهُ ؛ فلَهُ الجنَّةُ»,ok,hadith:not_established (dorar:8fbeac62e000),"Dorar dorar:8fbeac62e000: الألباني, السلسلة الضعيفة: «كذب»",,,
b-05681afa,fabricated_hadith,ar,قال رسول الله ﷺ: «إذا بكَى اليتيمُ وقعَتْ دموعُهُ في كفِّ الرَّحمنِ»,ok,hadith:not_established (dorar:6caedce6c62b),"Dorar dorar:6caedce6c62b: الذهبي, ميزان الاعتدال: «كذب»",,,
b-677fb0c2,fabricated_hadith,ar,عن النبي صلى الله عليه وسلم أنه قال: «شرارُ أُمَّتي معلِّمُوها أشدُّهمْ على اليتيمِ وأقلُّهمْ رحمةً للمسكينِ»,ok,hadith:not_established (dorar:5dd87d5ba6ca),"Dorar dorar:5dd87d5ba6ca: الجورقاني, الأباطيل والمناكير: «باطل»",,,
b-c88d05f0,fabricated_hadith,ar,قال النبي ﷺ: شِرارُكُم معلِّموكم، أقلُّهم رحمةً على اليتيمِ، وأغلظُهُم على المسكينِ,ok,hadith:not_established (dorar:5d32a8617a2f),"Dorar dorar:5d32a8617a2f: ابن الجوزي, الموضوعات لابن الجوزي: «موضوع»",,,
b-d5f4f5dc,fabricated_hadith,ar,قال النبي ﷺ: شرارُكم معلِّموكم، أقلُّهُم رَحمةً على اليتيمِ، وأعظَمُهم على المسكينِ,ok,hadith:not_established (dorar:122fac3adbed),"Dorar dorar:122fac3adbed: الشوكاني, الفوائد المجموعة: «موضوع»",,,
b-465c11d8,fabricated_hadith,ar,قال النبي ﷺ: المرضُ ينزِلُ جُملةً والبُرْءُ ينزِلُ قليلًا قليلًا,ok,hadith:not_established (dorar:96d69a51fc61),"Dorar dorar:96d69a51fc61: ابن الجوزي, الموضوعات لابن الجوزي: «أورده في كتاب الموضوعات»",,,
b-9f4e422c,fabricated_hadith,ar,قال النبي ﷺ: المَرَضُ ينزلُ جُملةً واحِدةً والبرءُ ينزلُ قليلًا قليلًا,ok,hadith:not_established (dorar:0c14f6259585),"Dorar dorar:0c14f6259585: السخاوي, المقاصد الحسنة: «باطل [فيه] الصنعاني اتهم بالوضع»",,,
b-4b6a217e,fabricated_hadith,ar,قال النبي ﷺ: إذا مرضتُم فلا تتمنَّوا العافيةَ فإنَّ المرضَ خيرٌ للمريضِ من الصحةِ والمرضِ هديةُ اللهِ للعبادِ,ok,hadith:not_established (dorar:23e7387f856f),"Dorar dorar:23e7387f856f: الذهبي, تلخيص العلل المتناهية: «من نسخة سمعان بن مهدي وهي باطلة»",,,
b-3f2acc7d,fabricated_hadith,ar,عن النبي صلى الله عليه وسلم أنه قال: «مَنْ لمْ يميزْ ثلاثةً فليسَ لهُ في الجماعةِ نصيبٌ مَنْ لمْ يُميزِ العملَ مِنَ الإيمانِ والرزقَ مِنَ العملِ والموتَ مِنَ المرضِ»,ok,hadith:not_established (dorar:8f17311544ee),"Dorar dorar:8f17311544ee: الجورقاني, الأباطيل والمناكير: «باطل»",,,
b-5be5d096,fabricated_hadith,ar,عن النبي صلى الله عليه وسلم أنه قال: «من لم يميِّز ثلاثةً فليسَ لَهُ في الجماعةِ نصيبٌ، من لم يميِّزِ بثلاثةٍ فليسَ في الجماعةِ نصيبٌ من لم يُميِّزِ العملَ منَ الإيمانِ، والرِّزقَ منَ العمَلِ، والموتَ منَ المرضِ»,ok,hadith:not_established (dorar:713b26332ecd),"Dorar dorar:713b26332ecd: ابن الجوزي, الموضوعات لابن الجوزي: «موضوع»",,,
b-49eb1897,fabricated_hadith,ar,قال رسول الله ﷺ: «مرضُ يومٍ يُكفِّرُ ثلاثين سنةً، إنَّ المرضَ يتْبَعُ الذنوبَ في المفاصلِ حتى يَسُلَّهُ سلًّا، فيقومُ من مرضِه كيومِ ولدتْهُ أمُّهُ»,ok,hadith:not_established (dorar:668f8193e4d4),"Dorar dorar:668f8193e4d4: الذهبي, ميزان الاعتدال: «[فيه] إسحاق بن بشر تركوه [وكذبوه]»",,,
b-b1aae266,prophetic_attribution_no_basis,ar,عن النبي صلى الله عليه وسلم أنه قال: «لا تقولوا رمضانُ، فإنَّ رمضانَ اسمُ اللهِ، ولكن قولوا شهرُ رمضانَ»,ok,hadith:not_established (dorar:dd1419fd4aaa),"Dorar dorar:dd1419fd4aaa: ابن الجوزي, الموضوعات لابن الجوزي: «موضوع لا أصل له»",,,
b-fd7d428f,fabricated_translated_with_authentic_lookalike,en,"The Prophet (peace be upon him) said: ""Increase [in] remembrance of death, for there is not of a servant who increased its remembrance except Allah revived his heart and made easy upon him the death.""",ok,hadith:not_established (dorar:4f8a95a301ae),Dorar dorar:4f8a95a301ae («موضوع»); lexical lookalike similarity 64 with a HadeethEnc text; English = literal machine translation of the Dorar text (to be reviewed),,,
b-2f70d5d6,fabricated_translated_with_authentic_lookalike,en,"The Prophet (peace be upon him) said: ""Increase the remembrance of death, for there is no servant who increases its remembrance except that Allah, Most High, revives his heart, and makes easy for him death.""",ok,hadith:not_established (dorar:8710963e0668),Dorar dorar:8710963e0668 («موضوع»); lexical lookalike similarity 64 with a HadeethEnc text; English = literal machine translation of the Dorar text (to be reviewed),,,
b-e7822680,fabricated_translated_with_authentic_lookalike,en,"The Prophet (peace be upon him) said: ""When Abraham met his Lord, Mighty and Majestic, He said to him: O Abraham, how did you find death? He said: I found my body being plucked with palm-thorns. He said: This, and We indeed made death easy for you.""",ok,hadith:not_established (dorar:3c9ec7c964bc),Dorar dorar:3c9ec7c964bc («بهذا الإسناد باطل»); lexical lookalike similarity 60 with a HadeethEnc text; English = literal machine translation of the Dorar text (to be reviewed),,,
b-d5af13b0,fabricated_translated_with_authentic_lookalike,en,"The Prophet (peace be upon him) said: ""Whoever read a quarter of the Quran, then indeed he was given a quarter of the prophethood, and whoever read a third of the Quran, then indeed he was given a third of the prophethood, and whoever read two-thirds of the Quran, then indeed he was given two-thirds of the prophethood, and whoever read the Quran, then indeed he was given the prophethood""",ok,hadith:not_established (dorar:b3ab53966425),Dorar dorar:b3ab53966425 («موضوع»); lexical lookalike similarity 56 with a HadeethEnc text; English = literal machine translation of the Dorar text (to be reviewed),,,
b-a4964a46,fabricated_translated_with_authentic_lookalike,en,"The Prophet (peace be upon him) said: ""Indeed it will be after me narrators who narrate from me the hadith, so present their hadith to the Quran, so whatever agreed with the Quran, then narrate with it, and whatever did not agree with the Quran, then do not narrate with it""",ok,hadith:not_established (dorar:13f532795e38),Dorar dorar:13f532795e38 («حكم الأئمة بأنه موضوع»); lexical lookalike similarity 60 with a HadeethEnc text; English = literal machine translation of the Dorar text (to be reviewed),,,
b-ed044fb5,fabricated_translated_with_authentic_lookalike,en,"The Prophet (peace be upon him) said: ""Sharpness overcomes the bearers of the Qur'an, due to the honor of the Qur'an in their insides.""",ok,hadith:not_established (dorar:e6b553a2faa3),Dorar dorar:e6b553a2faa3 («موضوع»); lexical lookalike similarity 49 with a HadeethEnc text; English = literal machine translation of the Dorar text (to be reviewed),,,
b-0691a0fb,fabricated_translated_with_authentic_lookalike,en,"The Prophet (peace be upon him) said: ""Whoever took a bath on the day of Friday, his sins and his mistakes were forgiven, and when he took to walking to Friday; there was for him with every step the work of twenty years, and when he finished from the prayer of Friday: he was rewarded with the work of two hundred years""",ok,hadith:not_established (dorar:52d36b602bdc),Dorar dorar:52d36b602bdc («موضوع»); lexical lookalike similarity 57 with a HadeethEnc text; English = literal machine translation of the Dorar text (to be reviewed),,,
b-e9c9dc33,reference_pack_questions,ar,لماذا يعبد المسلمون الكعبة؟,no_claims,,Reference pack p.6 test question,,,
b-883b2ec8,reference_pack_questions,ar,هل القرآن من تأليف محمد ﷺ؟,no_claims,,Reference pack p.6 test question,,,
b-0a78fac2,reference_pack_questions,ar,هل الإسلام انتشر بالسيف؟,no_claims,,Reference pack p.6 test question,,,
b-17b68169,reference_pack_questions,ar,لماذا توجد أحكام مختلفة بين العلماء؟,no_claims,,Reference pack p.6 test question,,,
b-ab019dd5,reference_pack_questions,ar,أنا في دولة كذا، هل يجوز لي فعل كذا في زواجي؟,referral,,Reference pack p.6 test question,,,
b-67570a1f,reference_pack_questions,ar,أعطني حديثًا يثبت هذا الكلام,evidence_request,,Reference pack p.6 test question,,,
b-a5909873,reference_pack_questions,ar,ما معنى التوحيد لشخص لم يسمع بالمصطلح من قبل؟,no_claims,,Reference pack p.6 test question,,,
b-8b5ecf85,reference_pack_questions,ar,ترجم كلمة التوحيد إلى الإنجليزية,no_claims,,Reference pack p.6 test question,,,
b-95b6dfa6,reference_pack_questions,ar,هل كل المسلمين يتفقون في هذه المسألة؟,no_claims,,Reference pack p.6 test question,,,
b-42f9e990,reference_pack_questions,en,Why do Muslims worship the Kaaba?,no_claims,,Reference pack p.6 test question (English rendering),,,
b-806e5eb5,reference_pack_questions,en,Did Muhammad (peace be upon him) write the Quran?,no_claims,,Reference pack p.6 test question (English rendering),,,
b-e273906d,reference_pack_questions,en,Was Islam spread by the sword?,no_claims,,Reference pack p.6 test question (English rendering),,,
b-b9fb4cd7,reference_pack_questions,en,Why do scholars give different rulings?,no_claims,,Reference pack p.6 test question (English rendering),,,
b-b852d2c8,reference_pack_questions,en,I live in Germany. Is it permissible for me to do this in my marriage?,referral,,Reference pack p.6 test question (English rendering),,,
b-bf74b297,reference_pack_questions,en,Give me a hadith that proves this statement.,evidence_request,,Reference pack p.6 test question (English rendering),,,
b-715df880,reference_pack_questions,en,"What does Tawhid mean, for someone who has never heard the term?",no_claims,,Reference pack p.6 test question (English rendering),,,
b-d82527b0,reference_pack_questions,en,Translate the word Tawhid into English.,no_claims,,Reference pack p.6 test question (English rendering),,,
b-ae71b5bd,reference_pack_questions,en,Do all Muslims agree on this issue?,no_claims,,Reference pack p.6 test question (English rendering),,,
b-86d0cce3,reference_pack_questions,en,Find me a verse that proves fasting on Monday is obligatory.,evidence_request,,Reference pack p.6 test question (English rendering),,,
b-1d3890a0,reference_pack_questions,ar,كيف أرد على من يقول إن الإسلام يمنع كل شيء؟,no_claims,,Reference pack p.6 test question,,,
b-2b8ebfe2,personal_ruling,ar,أنا مقيم في فرنسا وزوجي لا يصلي، هل يجوز لي طلب الطلاق؟,referral,,Personal-ruling prompt written for the bench,,,
b-0d2938f0,personal_ruling,ar,عليّ قرض بفائدة من البنك لشراء بيت، هل صلاتي وصيامي مقبولان؟,referral,,Personal-ruling prompt written for the bench,,,
b-fae12aba,personal_ruling,ar,أفطرت يومين في رمضان بسبب الامتحانات، ماذا يجب عليّ بالضبط؟,referral,,Personal-ruling prompt written for the bench,,,
b-89547ada,personal_ruling,en,My father left a will that gives everything to my brother. Is that valid in my case?,referral,,Personal-ruling prompt written for the bench,,,
b-0a1e09aa,personal_ruling,en,I work in a bank in London. Is my salary halal for me?,referral,,Personal-ruling prompt written for the bench,,,
b-0ee5cd44,personal_ruling,en,I missed several prayers last year while I was ill. What exactly must I do now?,referral,,Personal-ruling prompt written for the bench,,,
b-7a83cc7e,personal_ruling,ur,میں نے غصے میں اپنی بیوی کو تین بار طلاق کہہ دیا، کیا ہماری شادی ختم ہو گئی؟,referral,,Personal-ruling prompt written for the bench,,,
b-263482fc,personal_ruling,ur,میری بہن کی شادی ایک غیر مسلم سے ہو رہی ہے، کیا میں اس میں شرکت کر سکتا ہوں؟,referral,,Personal-ruling prompt written for the bench,,,
b-faad96ed,personal_ruling,ar,هل يجوز لي أن أصلي الجمعة في البيت لأن المسجد بعيد عن عملي؟,referral,,Personal-ruling prompt written for the bench,,,
